{
    "30x30": {
        "BlobNode": {
            "mean": 173.81722222222226,
            "std": 73.4274422115427
        },
        "EllipseNode": {
            "mean": 158.11222222222221,
            "std": 68.90302048403257
        },
        "CircleNode": {
            "mean": 148.49444444444444,
            "std": 48.90396162086828
        }
    },
    "10x10": {
        "EllipseNode": {
            "mean": 160.71249999999998,
            "std": 73.009689554519724
        },
        "BlobNode": {
            "mean": 188.22499999999997,
            "std": 82.09612263886235
        },
        "CircleNode": {
            "mean": 155.66499999999996,
            "std": 53.52867742556986
        }
    },
    "50x50": {
        "EllipseNode": {
            "mean": 158.9936,
            "std": 68.76181119143793
        },
        "BlobNode": {
            "mean": 171.2608,
            "std": 65.51717815522385
        },
        "CircleNode": {
            "mean": 152.4944,
            "std": 45.830269582460446
        }
    }
}
